{
  "Edit Language " : {
    "transaction" : "Edit Language ",
    "sampleCount" : 500,
    "errorCount" : 0,
    "errorPct" : 0.0,
    "meanResTime" : 158.7339999999999,
    "medianResTime" : 155.0,
    "minResTime" : 136.0,
    "maxResTime" : 416.0,
    "pct1ResTime" : 175.90000000000003,
    "pct2ResTime" : 188.89999999999998,
    "pct3ResTime" : 229.85000000000014,
    "throughput" : 5.067088248408934,
    "receivedKBytesPerSec" : 1.0638905990311727,
    "sentKBytesPerSec" : 3.270845050974908
  },
  "Share Skill Add New" : {
    "transaction" : "Share Skill Add New",
    "sampleCount" : 500,
    "errorCount" : 0,
    "errorPct" : 0.0,
    "meanResTime" : 96.85399999999996,
    "medianResTime" : 84.0,
    "minResTime" : 70.0,
    "maxResTime" : 589.0,
    "pct1ResTime" : 131.0,
    "pct2ResTime" : 160.89999999999998,
    "pct3ResTime" : 325.4500000000005,
    "throughput" : 5.069554284787282,
    "receivedKBytesPerSec" : 1.1089649997972177,
    "sentKBytesPerSec" : 8.75290231982804
  },
  "Add Education" : {
    "transaction" : "Add Education",
    "sampleCount" : 500,
    "errorCount" : 0,
    "errorPct" : 0.0,
    "meanResTime" : 241.80400000000003,
    "medianResTime" : 234.5,
    "minResTime" : 103.0,
    "maxResTime" : 474.0,
    "pct1ResTime" : 330.90000000000003,
    "pct2ResTime" : 365.0,
    "pct3ResTime" : 427.94000000000005,
    "throughput" : 5.0687833906105855,
    "receivedKBytesPerSec" : 1.024646642437882,
    "sentKBytesPerSec" : 3.4847885810447776
  },
  "Delete Education" : {
    "transaction" : "Delete Education",
    "sampleCount" : 500,
    "errorCount" : 0,
    "errorPct" : 0.0,
    "meanResTime" : 41.34600000000001,
    "medianResTime" : 40.0,
    "minResTime" : 34.0,
    "maxResTime" : 287.0,
    "pct1ResTime" : 46.0,
    "pct2ResTime" : 49.0,
    "pct3ResTime" : 61.91000000000008,
    "throughput" : 5.0726402077753425,
    "receivedKBytesPerSec" : 1.0799175442334226,
    "sentKBytesPerSec" : 2.9375738703230256
  },
  "Add Certification" : {
    "transaction" : "Add Certification",
    "sampleCount" : 500,
    "errorCount" : 0,
    "errorPct" : 0.0,
    "meanResTime" : 236.402,
    "medianResTime" : 228.0,
    "minResTime" : 94.0,
    "maxResTime" : 539.0,
    "pct1ResTime" : 332.0,
    "pct2ResTime" : 359.9,
    "pct3ResTime" : 418.0,
    "throughput" : 5.066472114137484,
    "receivedKBytesPerSec" : 110.92803203023671,
    "sentKBytesPerSec" : 3.408983678360084
  },
  "Add Certification-0" : {
    "transaction" : "Add Certification-0",
    "sampleCount" : 500,
    "errorCount" : 0,
    "errorPct" : 0.0,
    "meanResTime" : 0.6100000000000004,
    "medianResTime" : 1.0,
    "minResTime" : 0.0,
    "maxResTime" : 10.0,
    "pct1ResTime" : 1.0,
    "pct2ResTime" : 1.0,
    "pct3ResTime" : 2.0,
    "throughput" : 5.071919823091436,
    "receivedKBytesPerSec" : 110.02202639680672,
    "sentKBytesPerSec" : 0.0
  },
  "Delete Skills" : {
    "transaction" : "Delete Skills",
    "sampleCount" : 500,
    "errorCount" : 0,
    "errorPct" : 0.0,
    "meanResTime" : 40.804,
    "medianResTime" : 40.0,
    "minResTime" : 34.0,
    "maxResTime" : 93.0,
    "pct1ResTime" : 47.0,
    "pct2ResTime" : 51.94999999999999,
    "pct3ResTime" : 62.98000000000002,
    "throughput" : 5.076296740002233,
    "receivedKBytesPerSec" : 1.0955679487700134,
    "sentKBytesPerSec" : 3.3511490197670994
  },
  "Manage Listings Enable " : {
    "transaction" : "Manage Listings Enable ",
    "sampleCount" : 500,
    "errorCount" : 0,
    "errorPct" : 0.0,
    "meanResTime" : 129.43999999999988,
    "medianResTime" : 116.0,
    "minResTime" : 100.0,
    "maxResTime" : 547.0,
    "pct1ResTime" : 167.60000000000014,
    "pct2ResTime" : 205.95,
    "pct3ResTime" : 370.98,
    "throughput" : 5.070993914807302,
    "receivedKBytesPerSec" : 0.9409070740365112,
    "sentKBytesPerSec" : 2.8623383620689657
  },
  "Profile Description" : {
    "transaction" : "Profile Description",
    "sampleCount" : 500,
    "errorCount" : 0,
    "errorPct" : 0.0,
    "meanResTime" : 119.52600000000008,
    "medianResTime" : 118.0,
    "minResTime" : 103.0,
    "maxResTime" : 356.0,
    "pct1ResTime" : 131.90000000000003,
    "pct2ResTime" : 136.0,
    "pct3ResTime" : 155.0,
    "throughput" : 5.066882853668424,
    "receivedKBytesPerSec" : 1.0885881130928252,
    "sentKBytesPerSec" : 3.067839227807053
  },
  "Edit Education" : {
    "transaction" : "Edit Education",
    "sampleCount" : 500,
    "errorCount" : 0,
    "errorPct" : 0.0,
    "meanResTime" : 347.98400000000004,
    "medianResTime" : 332.5,
    "minResTime" : 167.0,
    "maxResTime" : 874.0,
    "pct1ResTime" : 455.0,
    "pct2ResTime" : 491.0,
    "pct3ResTime" : 635.8200000000002,
    "throughput" : 5.060575083752517,
    "receivedKBytesPerSec" : 1.076528625775533,
    "sentKBytesPerSec" : 3.681766052144166
  },
  "Manage Listings Delete" : {
    "transaction" : "Manage Listings Delete",
    "sampleCount" : 500,
    "errorCount" : 0,
    "errorPct" : 0.0,
    "meanResTime" : 165.72000000000008,
    "medianResTime" : 158.0,
    "minResTime" : 141.0,
    "maxResTime" : 454.0,
    "pct1ResTime" : 193.0,
    "pct2ResTime" : 218.0,
    "pct3ResTime" : 321.98,
    "throughput" : 5.070788203318323,
    "receivedKBytesPerSec" : 1.0250519121942314,
    "sentKBytesPerSec" : 2.8919338972049817
  },
  "Search Skill by Categories" : {
    "transaction" : "Search Skill by Categories",
    "sampleCount" : 500,
    "errorCount" : 0,
    "errorPct" : 0.0,
    "meanResTime" : 865.254000000001,
    "medianResTime" : 795.0,
    "minResTime" : 596.0,
    "maxResTime" : 2038.0,
    "pct1ResTime" : 1190.0000000000007,
    "pct2ResTime" : 1445.3999999999999,
    "pct3ResTime" : 1822.0900000000008,
    "throughput" : 5.048465266558966,
    "receivedKBytesPerSec" : 2.2481446890145396,
    "sentKBytesPerSec" : 3.7271872475767363
  },
  "Add Skills" : {
    "transaction" : "Add Skills",
    "sampleCount" : 500,
    "errorCount" : 0,
    "errorPct" : 0.0,
    "meanResTime" : 45.836000000000034,
    "medianResTime" : 43.0,
    "minResTime" : 37.0,
    "maxResTime" : 288.0,
    "pct1ResTime" : 51.0,
    "pct2ResTime" : 55.94999999999999,
    "pct3ResTime" : 75.98000000000002,
    "throughput" : 5.076451357443093,
    "receivedKBytesPerSec" : 1.0261967099518752,
    "sentKBytesPerSec" : 3.2620165949194875
  },
  "Edit Skills" : {
    "transaction" : "Edit Skills",
    "sampleCount" : 500,
    "errorCount" : 0,
    "errorPct" : 0.0,
    "meanResTime" : 157.92999999999984,
    "medianResTime" : 155.0,
    "minResTime" : 137.0,
    "maxResTime" : 442.0,
    "pct1ResTime" : 172.0,
    "pct2ResTime" : 182.0,
    "pct3ResTime" : 245.6600000000003,
    "throughput" : 5.071456826688034,
    "receivedKBytesPerSec" : 1.0251870733636945,
    "sentKBytesPerSec" : 3.4172902445456486
  },
  "Add Language " : {
    "transaction" : "Add Language ",
    "sampleCount" : 500,
    "errorCount" : 0,
    "errorPct" : 0.0,
    "meanResTime" : 46.538,
    "medianResTime" : 45.0,
    "minResTime" : 39.0,
    "maxResTime" : 211.0,
    "pct1ResTime" : 52.0,
    "pct2ResTime" : 57.0,
    "pct3ResTime" : 70.98000000000002,
    "throughput" : 5.075060139462653,
    "receivedKBytesPerSec" : 1.0259154774109074,
    "sentKBytesPerSec" : 3.057921978562946
  },
  "Delete Certification-0" : {
    "transaction" : "Delete Certification-0",
    "sampleCount" : 500,
    "errorCount" : 0,
    "errorPct" : 0.0,
    "meanResTime" : 0.6019999999999995,
    "medianResTime" : 1.0,
    "minResTime" : 0.0,
    "maxResTime" : 22.0,
    "pct1ResTime" : 1.0,
    "pct2ResTime" : 1.0,
    "pct3ResTime" : 1.990000000000009,
    "throughput" : 5.072588744940092,
    "receivedKBytesPerSec" : 109.63036323222818,
    "sentKBytesPerSec" : 0.0
  },
  "Total" : {
    "transaction" : "Total",
    "sampleCount" : 11000,
    "errorCount" : 0,
    "errorPct" : 0.0,
    "meanResTime" : 147.23063636363693,
    "medianResTime" : 106.0,
    "minResTime" : 0.0,
    "maxResTime" : 2038.0,
    "pct1ResTime" : 298.0,