{
  "Edit Language " : {
    "transaction" : "Edit Language ",
    "sampleCount" : 300,
    "errorCount" : 0,
    "errorPct" : 0.0,
    "meanResTime" : 153.14000000000007,
    "medianResTime" : 151.0,
    "minResTime" : 136.0,
    "maxResTime" : 269.0,
    "pct1ResTime" : 169.0,
    "pct2ResTime" : 173.95,
    "pct3ResTime" : 203.82000000000016,
    "throughput" : 3.0467988300292492,
    "receivedKBytesPerSec" : 0.6397087387268443,
    "sentKBytesPerSec" : 1.96673244789974
  },
  "Share Skill Add New" : {
    "transaction" : "Share Skill Add New",
    "sampleCount" : 300,
    "errorCount" : 0,
    "errorPct" : 0.0,
    "meanResTime" : 84.21999999999998,
    "medianResTime" : 81.0,
    "minResTime" : 70.0,
    "maxResTime" : 437.0,
    "pct1ResTime" : 93.0,
    "pct2ResTime" : 101.0,
    "pct3ResTime" : 130.0,
    "throughput" : 3.0489354133848265,
    "receivedKBytesPerSec" : 0.6669546216779308,
    "sentKBytesPerSec" : 5.264177549672239
  },
  "Add Education" : {
    "transaction" : "Add Education",
    "sampleCount" : 300,
    "errorCount" : 0,
    "errorPct" : 0.0,
    "meanResTime" : 145.93666666666664,
    "medianResTime" : 141.0,
    "minResTime" : 82.0,
    "maxResTime" : 239.0,
    "pct1ResTime" : 175.90000000000003,
    "pct2ResTime" : 189.89999999999998,
    "pct3ResTime" : 219.96000000000004,
    "throughput" : 3.0496172730322346,
    "receivedKBytesPerSec" : 0.6164753667164771,
    "sentKBytesPerSec" : 2.096611875209661
  },
  "Delete Education" : {
    "transaction" : "Delete Education",
    "sampleCount" : 300,
    "errorCount" : 0,
    "errorPct" : 0.0,
    "meanResTime" : 40.979999999999976,
    "medianResTime" : 40.0,
    "minResTime" : 34.0,
    "maxResTime" : 99.0,
    "pct1ResTime" : 47.0,
    "pct2ResTime" : 50.94999999999999,
    "pct3ResTime" : 69.94000000000005,
    "throughput" : 3.049958317236331,
    "receivedKBytesPerSec" : 0.6493075323803909,
    "sentKBytesPerSec" : 1.7662356270714301
  },
  "Add Certification" : {
    "transaction" : "Add Certification",
    "sampleCount" : 300,
    "errorCount" : 0,
    "errorPct" : 0.0,
    "meanResTime" : 144.50000000000017,
    "medianResTime" : 137.0,
    "minResTime" : 85.0,
    "maxResTime" : 228.0,
    "pct1ResTime" : 173.0,
    "pct2ResTime" : 182.0,
    "pct3ResTime" : 213.8800000000001,
    "throughput" : 3.047170194612603,
    "receivedKBytesPerSec" : 66.7147462246831,
    "sentKBytesPerSec" : 2.050293226648519
  },
  "Add Certification-0" : {
    "transaction" : "Add Certification-0",
    "sampleCount" : 300,
    "errorCount" : 0,
    "errorPct" : 0.0,
    "meanResTime" : 0.6433333333333326,
    "medianResTime" : 1.0,
    "minResTime" : 0.0,
    "maxResTime" : 14.0,
    "pct1ResTime" : 1.0,
    "pct2ResTime" : 1.0,
    "pct3ResTime" : 9.970000000000027,
    "throughput" : 3.051137057076604,
    "receivedKBytesPerSec" : 66.18481412536613,
    "sentKBytesPerSec" : 0.0
  },
  "Delete Skills" : {
    "transaction" : "Delete Skills",
    "sampleCount" : 300,
    "errorCount" : 0,
    "errorPct" : 0.0,
    "meanResTime" : 40.38333333333333,
    "medianResTime" : 39.0,
    "minResTime" : 34.0,
    "maxResTime" : 128.0,
    "pct1ResTime" : 44.900000000000034,
    "pct2ResTime" : 47.0,
    "pct3ResTime" : 98.76000000000022,
    "throughput" : 3.053031151094512,
    "receivedKBytesPerSec" : 0.6589061371014522,
    "sentKBytesPerSec" : 2.015477595839736
  },
  "Manage Listings Enable " : {
    "transaction" : "Manage Listings Enable ",
    "sampleCount" : 300,
    "errorCount" : 0,
    "errorPct" : 0.0,
    "meanResTime" : 115.24333333333328,
    "medianResTime" : 112.0,
    "minResTime" : 100.0,
    "maxResTime" : 347.0,
    "pct1ResTime" : 126.90000000000003,
    "pct2ResTime" : 136.95,
    "pct3ResTime" : 181.76000000000022,
    "throughput" : 3.048160942897785,
    "receivedKBytesPerSec" : 0.5655767374517374,
    "sentKBytesPerSec" : 1.7205439697216012
  },
  "Profile Description" : {
    "transaction" : "Profile Description",
    "sampleCount" : 300,
    "errorCount" : 0,
    "errorPct" : 0.0,
    "meanResTime" : 119.8533333333333,
    "medianResTime" : 117.0,
    "minResTime" : 104.0,
    "maxResTime" : 240.0,
    "pct1ResTime" : 131.90000000000003,
    "pct2ResTime" : 148.0,
    "pct3ResTime" : 195.99,
    "throughput" : 3.0476964494336363,
    "receivedKBytesPerSec" : 0.6547785340580078,
    "sentKBytesPerSec" : 1.845284959618022
  },
  "Edit Education" : {
    "transaction" : "Edit Education",
    "sampleCount" : 300,
    "errorCount" : 0,
    "errorPct" : 0.0,
    "meanResTime" : 246.23333333333312,
    "medianResTime" : 247.0,
    "minResTime" : 156.0,
    "maxResTime" : 498.0,
    "pct1ResTime" : 295.0,
    "pct2ResTime" : 305.95,
    "pct3ResTime" : 383.7600000000002,
    "throughput" : 3.0443562708665253,
    "receivedKBytesPerSec" : 0.6477085986574388,
    "sentKBytesPerSec" : 2.2148881072222277
  },
  "Manage Listings Delete" : {
    "transaction" : "Manage Listings Delete",
    "sampleCount" : 300,
    "errorCount" : 0,
    "errorPct" : 0.0,
    "meanResTime" : 157.64999999999998,
    "medianResTime" : 154.0,
    "minResTime" : 138.0,
    "maxResTime" : 500.0,
    "pct1ResTime" : 172.0,
    "pct2ResTime" : 182.84999999999997,
    "pct3ResTime" : 246.94000000000005,
    "throughput" : 3.047417821299419,
    "receivedKBytesPerSec" : 0.6160307509853318,
    "sentKBytesPerSec" : 1.7379804762098248
  },
  "Search Skill by Categories" : {
    "transaction" : "Search Skill by Categories",
    "sampleCount" : 300,
    "errorCount" : 0,
    "errorPct" : 0.0,
    "meanResTime" : 603.1899999999996,
    "medianResTime" : 600.0,
    "minResTime" : 580.0,
    "maxResTime" : 699.0,
    "pct1ResTime" : 624.0,
    "pct2ResTime" : 632.95,
    "pct3ResTime" : 673.8700000000001,
    "throughput" : 3.033551074888264,
    "receivedKBytesPerSec" : 1.35087821303618,
    "sentKBytesPerSec" : 2.2396138795073512
  },
  "Add Skills" : {
    "transaction" : "Add Skills",
    "sampleCount" : 300,
    "errorCount" : 0,
    "errorPct" : 0.0,
    "meanResTime" : 47.950000000000024,
    "medianResTime" : 44.0,
    "minResTime" : 37.0,
    "maxResTime" : 344.0,
    "pct1ResTime" : 56.0,
    "pct2ResTime" : 66.94999999999999,
    "pct3ResTime" : 104.88000000000011,
    "throughput" : 3.0519751365758876,
    "receivedKBytesPerSec" : 0.6169520051476648,
    "sentKBytesPerSec" : 1.9611324608075527
  },
  "Edit Skills" : {
    "transaction" : "Edit Skills",
    "sampleCount" : 300,
    "errorCount" : 0,
    "errorPct" : 0.0,
    "meanResTime" : 155.0233333333333,
    "medianResTime" : 153.0,
    "minResTime" : 135.0,
    "maxResTime" : 248.0,
    "pct1ResTime" : 168.0,
    "pct2ResTime" : 184.89999999999998,
    "pct3ResTime" : 225.99,
    "throughput" : 3.0489044270092283,
    "receivedKBytesPerSec" : 0.6163312660067483,
    "sentKBytesPerSec" : 2.0544375533558275
  },
  "Add Language " : {
    "transaction" : "Add Language ",
    "sampleCount" : 300,
    "errorCount" : 0,
    "errorPct" : 0.0,
    "meanResTime" : 46.47333333333335,
    "medianResTime" : 45.0,
    "minResTime" : 39.0,
    "maxResTime" : 102.0,
    "pct1ResTime" : 52.0,
    "pct2ResTime" : 56.0,
    "pct3ResTime" : 72.95000000000005,
    "throughput" : 3.0489664003902677,
    "receivedKBytesPerSec" : 0.6163437938288919,
    "sentKBytesPerSec" : 1.8371213564851514
  },
  "Delete Certification-0" : {
    "transaction" : "Delete Certification-0",
    "sampleCount" : 300,
    "errorCount" : 0,
    "errorPct" : 0.0,
    "meanResTime" : 0.5766666666666669,
    "medianResTime" : 1.0,
    "minResTime" : 0.0,
    "maxResTime" : 2.0,
    "pct1ResTime" : 1.0,
    "pct2ResTime" : 1.0,
    "pct3ResTime" : 2.0,
    "throughput" : 3.0510129362948497,
    "receivedKBytesPerSec" : 65.93765334518143,
    "sentKBytesPerSec" : 0.0
  },
  "Total" : {
    "transaction" : "Total",
    "sampleCount" : 6600,
    "errorCount" : 0,
    "errorPct" : 0.0,
    "meanResTime" : 119.58,
    "medianResTime" : 101.0,
    "minResTime" : 0.0,
    "maxResTime" : 1113.0,