{
  "Edit Language " : {
    "transaction" : "Edit Language ",
    "sampleCount" : 100,
    "errorCount" : 0,
    "errorPct" : 0.0,
    "meanResTime" : 153.77999999999994,
    "medianResTime" : 146.5,
    "minResTime" : 137.0,
    "maxResTime" : 404.0,
    "pct1ResTime" : 162.9,
    "pct2ResTime" : 167.95,
    "pct3ResTime" : 403.8599999999999,
    "throughput" : 2.0636853292609945,
    "receivedKBytesPerSec" : 0.43329330643663455,
    "sentKBytesPerSec" : 1.3321250025796065
  },
  "Share Skill Add New" : {
    "transaction" : "Share Skill Add New",
    "sampleCount" : 100,
    "errorCount" : 0,
    "errorPct" : 0.0,
    "meanResTime" : 98.24000000000001,
    "medianResTime" : 83.0,
    "minResTime" : 72.0,
    "maxResTime" : 423.0,
    "pct1ResTime" : 96.9,
    "pct2ResTime" : 330.74999999999767,
    "pct3ResTime" : 423.0,
    "throughput" : 2.0721094073767095,
    "receivedKBytesPerSec" : 0.4532739328636552,
    "sentKBytesPerSec" : 3.57762639867385
  },
  "Add Education" : {
    "transaction" : "Add Education",
    "sampleCount" : 100,
    "errorCount" : 0,
    "errorPct" : 0.0,
    "meanResTime" : 134.64999999999995,
    "medianResTime" : 132.0,
    "minResTime" : 79.0,
    "maxResTime" : 241.0,
    "pct1ResTime" : 165.0,
    "pct2ResTime" : 168.89999999999998,
    "pct3ResTime" : 240.4199999999997,
    "throughput" : 2.0701790704895973,
    "receivedKBytesPerSec" : 0.4184834644446745,
    "sentKBytesPerSec" : 1.4232481109615982
  },
  "Delete Education" : {
    "transaction" : "Delete Education",
    "sampleCount" : 100,
    "errorCount" : 0,
    "errorPct" : 0.0,
    "meanResTime" : 40.18,
    "medianResTime" : 38.0,
    "minResTime" : 35.0,
    "maxResTime" : 83.0,
    "pct1ResTime" : 47.0,
    "pct2ResTime" : 52.0,
    "pct3ResTime" : 82.84999999999992,
    "throughput" : 2.0752485110091934,
    "receivedKBytesPerSec" : 0.4418009525390666,
    "sentKBytesPerSec" : 1.2017796553012223
  },
  "Add Certification" : {
    "transaction" : "Add Certification",
    "sampleCount" : 100,
    "errorCount" : 0,
    "errorPct" : 0.0,
    "meanResTime" : 138.05,
    "medianResTime" : 132.0,
    "minResTime" : 83.0,
    "maxResTime" : 217.0,
    "pct1ResTime" : 169.8,
    "pct2ResTime" : 195.24999999999983,
    "pct3ResTime" : 216.99,
    "throughput" : 2.069879119059447,
    "receivedKBytesPerSec" : 45.312119983130486,
    "sentKBytesPerSec" : 1.3927213994452725
  },
  "Add Certification-0" : {
    "transaction" : "Add Certification-0",
    "sampleCount" : 100,
    "errorCount" : 0,
    "errorPct" : 0.0,
    "meanResTime" : 0.8,
    "medianResTime" : 1.0,
    "minResTime" : 0.0,
    "maxResTime" : 11.0,
    "pct1ResTime" : 1.0,
    "pct2ResTime" : 2.0,
    "pct3ResTime" : 10.949999999999974,
    "throughput" : 2.0752054453390887,
    "receivedKBytesPerSec" : 45.00922007294347,
    "sentKBytesPerSec" : 0.0
  },
  "Delete Skills" : {
    "transaction" : "Delete Skills",
    "sampleCount" : 100,
    "errorCount" : 0,
    "errorPct" : 0.0,
    "meanResTime" : 39.81999999999998,
    "medianResTime" : 38.0,
    "minResTime" : 34.0,
    "maxResTime" : 78.0,
    "pct1ResTime" : 44.0,
    "pct2ResTime" : 47.89999999999998,
    "pct3ResTime" : 77.90999999999995,
    "throughput" : 2.0752054453390887,
    "receivedKBytesPerSec" : 0.44787148771478374,
    "sentKBytesPerSec" : 1.3699598447746326
  },
  "Manage Listings Enable " : {
    "transaction" : "Manage Listings Enable ",
    "sampleCount" : 100,
    "errorCount" : 0,
    "errorPct" : 0.0,
    "meanResTime" : 118.99999999999996,
    "medianResTime" : 117.0,
    "minResTime" : 103.0,
    "maxResTime" : 193.0,
    "pct1ResTime" : 130.9,
    "pct2ResTime" : 135.0,
    "pct3ResTime" : 192.76999999999987,
    "throughput" : 2.0843320757863144,
    "receivedKBytesPerSec" : 0.3867413031244138,
    "sentKBytesPerSec" : 1.176507753715322
  },
  "Profile Description" : {
    "transaction" : "Profile Description",
    "sampleCount" : 100,
    "errorCount" : 0,
    "errorPct" : 0.0,
    "meanResTime" : 117.36999999999999,
    "medianResTime" : 115.0,
    "minResTime" : 101.0,
    "maxResTime" : 165.0,
    "pct1ResTime" : 133.0,
    "pct2ResTime" : 137.84999999999997,
    "pct3ResTime" : 164.85999999999993,
    "throughput" : 2.06996481059822,
    "receivedKBytesPerSec" : 0.44471900227696126,
    "sentKBytesPerSec" : 1.253299006416891
  },
  "Edit Education" : {
    "transaction" : "Edit Education",
    "sampleCount" : 100,
    "errorCount" : 0,
    "errorPct" : 0.0,
    "meanResTime" : 225.65000000000003,
    "medianResTime" : 231.0,
    "minResTime" : 120.0,
    "maxResTime" : 316.0,
    "pct1ResTime" : 275.9,
    "pct2ResTime" : 284.84999999999997,
    "pct3ResTime" : 315.81999999999994,
    "throughput" : 2.066969822240595,
    "receivedKBytesPerSec" : 0.4395944217651922,
    "sentKBytesPerSec" : 1.5038012866887143
  },
  "Manage Listings Delete" : {
    "transaction" : "Manage Listings Delete",
    "sampleCount" : 100,
    "errorCount" : 0,
    "errorPct" : 0.0,
    "meanResTime" : 159.29000000000008,
    "medianResTime" : 159.0,
    "minResTime" : 141.0,
    "maxResTime" : 208.0,
    "pct1ResTime" : 172.0,
    "pct2ResTime" : 178.74999999999994,
    "pct3ResTime" : 208.0,
    "throughput" : 2.0823355475501324,
    "receivedKBytesPerSec" : 0.42094087728796614,
    "sentKBytesPerSec" : 1.1875819919621846
  },
  "Search Skill by Categories" : {
    "transaction" : "Search Skill by Categories",
    "sampleCount" : 100,
    "errorCount" : 0,
    "errorPct" : 0.0,
    "meanResTime" : 590.5300000000002,
    "medianResTime" : 588.0,
    "minResTime" : 572.0,
    "maxResTime" : 697.0,
    "pct1ResTime" : 599.9,
    "pct2ResTime" : 610.95,
    "pct3ResTime" : 696.3899999999996,
    "throughput" : 2.0666708000082665,
    "receivedKBytesPerSec" : 0.9203143406286812,
    "sentKBytesPerSec" : 1.5257843015686032
  },
  "Add Skills" : {
    "transaction" : "Add Skills",
    "sampleCount" : 100,
    "errorCount" : 0,
    "errorPct" : 0.0,
    "meanResTime" : 47.18999999999999,
    "medianResTime" : 43.0,
    "minResTime" : 38.0,
    "maxResTime" : 286.0,
    "pct1ResTime" : 53.0,
    "pct2ResTime" : 61.0,
    "pct3ResTime" : 283.95999999999896,
    "throughput" : 2.074344507135745,
    "receivedKBytesPerSec" : 0.41932550095419846,
    "sentKBytesPerSec" : 1.3329284039993363
  },
  "Edit Skills" : {
    "transaction" : "Edit Skills",
    "sampleCount" : 100,
    "errorCount" : 0,
    "errorPct" : 0.0,
    "meanResTime" : 155.0300000000001,
    "medianResTime" : 147.0,
    "minResTime" : 136.0,
    "maxResTime" : 429.0,
    "pct1ResTime" : 172.9,
    "pct2ResTime" : 193.34999999999985,
    "pct3ResTime" : 426.8899999999989,
    "throughput" : 2.070221927790659,
    "receivedKBytesPerSec" : 0.41849212798111957,
    "sentKBytesPerSec" : 1.3949737599370653
  },
  "Add Language " : {
    "transaction" : "Add Language ",
    "sampleCount" : 100,
    "errorCount" : 0,
    "errorPct" : 0.0,
    "meanResTime" : 55.43,
    "medianResTime" : 45.0,
    "minResTime" : 40.0,
    "maxResTime" : 388.0,
    "pct1ResTime" : 51.0,
    "pct2ResTime" : 59.69999999999993,
    "pct3ResTime" : 388.0,
    "throughput" : 2.054062936488374,
    "receivedKBytesPerSec" : 0.41522561313778655,
    "sentKBytesPerSec" : 1.237653156067702
  },
  "Delete Certification-0" : {
    "transaction" : "Delete Certification-0",
    "sampleCount" : 100,
    "errorCount" : 0,
    "errorPct" : 0.0,
    "meanResTime" : 0.7700000000000001,
    "medianResTime" : 1.0,
    "minResTime" : 0.0,
    "maxResTime" : 9.0,
    "pct1ResTime" : 1.0,
    "pct2ResTime" : 1.0,
    "pct3ResTime" : 8.929999999999964,
    "throughput" : 2.074516637623434,
    "receivedKBytesPerSec" : 44.82615145397685,
    "sentKBytesPerSec" : 0.0
  },
  "Total" : {
    "transaction" : "Total",
    "sampleCount" : 2200,
    "errorCount" : 0,
    "errorPct" : 0.0,
    "meanResTime" : 117.639090909091,
    "medianResTime" : 96.0,
    "minResTime" : 0.0,
    "maxResTime" : 709.0,
    "pct1ResTime" : 193.0,